Country,Year,Quarter,Emigration,Emigration_th,Population ,Emigration_rate,GDP_capita,Unemployment,Foreign_pop,Wage_average,Inflation
Austria,2010,Q1,22844,22.84,8362829,273.16,42014,5.19,15.20,62831,1.81
Austria,2010,Q2,22844,22.84,8362829,273.16,42014,5.19,15.20,62831,1.81
Austria,2010,Q3,22844,22.84,8362829,273.16,42014,5.19,15.20,62831,1.81
Austria,2010,Q4,22844,22.84,8362829,273.16,42014,5.19,15.20,62831,1.81
Austria,2011,Q1,23479,23.48,8391200,279.80,44469,4.90,15.30,62159,3.29
Austria,2011,Q2,23479,23.48,8391200,279.80,44469,4.90,15.30,62159,3.29
Austria,2011,Q3,23479,23.48,8391200,279.80,44469,4.90,15.30,62159,3.29
Austria,2011,Q4,23479,23.48,8391200,279.80,44469,4.90,15.30,62159,3.29
Austria,2012,Q1,24140,24.14,8429637,286.37,46478,5.19,15.60,62515,2.49
Austria,2012,Q2,24140,24.14,8429637,286.37,46478,5.19,15.60,62515,2.49
Austria,2012,Q3,24140,24.14,8429637,286.37,46478,5.19,15.60,62515,2.49
Austria,2012,Q4,24140,24.14,8429637,286.37,46478,5.19,15.60,62515,2.49
Austria,2013,Q1,24138,24.14,8479539,284.66,47937,5.72,16.00,62568,2.00
Austria,2013,Q2,24138,24.14,8479539,284.66,47937,5.72,16.00,62568,2.00
Austria,2013,Q3,24138,24.14,8479539,284.66,47937,5.72,16.00,62568,2.00
Austria,2013,Q4,24138,24.14,8479539,284.66,47937,5.72,16.00,62568,2.00
Austria,2014,Q1,24448,24.45,8546066,286.07,48814,6.03,16.40,62801,1.61
Austria,2014,Q2,24448,24.45,8546066,286.07,48814,6.03,16.40,62801,1.61
Austria,2014,Q3,24448,24.45,8546066,286.07,48814,6.03,16.40,62801,1.61
Austria,2014,Q4,24448,24.45,8546066,286.07,48814,6.03,16.40,62801,1.61
Austria,2015,Q1,25336,25.34,8642421,293.16,49942,6.15,17.10,63231,0.90
Austria,2015,Q2,25336,25.34,8642421,293.16,49942,6.15,17.10,63231,0.90
Austria,2015,Q3,25336,25.34,8642421,293.16,49942,6.15,17.10,63231,0.90
Austria,2015,Q4,25336,25.34,8642421,293.16,49942,6.15,17.10,63231,0.90
Austria,2016,Q1,27409,27.41,8736487,313.72,52665,6.45,18.20,63860,0.89
Austria,2016,Q2,27409,27.41,8736487,313.72,52665,6.45,18.20,63860,0.89
Austria,2016,Q3,27409,27.41,8736487,313.72,52665,6.45,18.20,63860,0.89
Austria,2016,Q4,27409,27.41,8736487,313.72,52665,6.45,18.20,63860,0.89
Austria,2017,Q1,27530,27.53,8797496,312.93,54188,5.92,18.80,63856,2.08
Austria,2017,Q2,27530,27.53,8797496,312.93,54188,5.92,18.80,63856,2.08
Austria,2017,Q3,27530,27.53,8797496,312.93,54188,5.92,18.80,63856,2.08
Austria,2017,Q4,27530,27.53,8797496,312.93,54188,5.92,18.80,63856,2.08
Austria,2018,Q1,27889,27.89,8840513,315.47,56956,5.21,19.10,64101,2.00
Austria,2018,Q2,27889,27.89,8840513,315.47,56956,5.21,19.10,64101,2.00
Austria,2018,Q3,27889,27.89,8840513,315.47,56956,5.21,19.10,64101,2.00
Austria,2018,Q4,27889,27.89,8840513,315.47,56956,5.21,19.10,64101,2.00
Austria,2019,Q1,27452,27.45,8879940,309.14,60590,4.84,19.30,64623,1.53
Austria,2019,Q2,27452,27.45,8879940,309.14,60590,4.84,19.30,64623,1.53
Austria,2019,Q3,27452,27.45,8879940,309.14,60590,4.84,19.30,64623,1.53
Austria,2019,Q4,27452,27.45,8879940,309.14,60590,4.84,19.30,64623,1.53
Belgium,2010,Q1,21680,21.68,10877947,199.30,39833,8.38,13.70,63295,2.19
Belgium,2010,Q2,21680,21.68,10877947,199.30,39833,8.38,13.70,63295,2.19
Belgium,2010,Q3,21680,21.68,10877947,199.30,39833,8.38,13.70,63295,2.19
Belgium,2010,Q4,21680,21.68,10877947,199.30,39833,8.38,13.70,63295,2.19
Belgium,2011,Q1,24856,24.86,10955743,226.87,40942,7.22,14.80,63944,3.53
Belgium,2011,Q2,24856,24.86,10955743,226.87,40942,7.22,14.80,63944,3.53
Belgium,2011,Q3,24856,24.86,10955743,226.87,40942,7.22,14.80,63944,3.53
Belgium,2011,Q4,24856,24.86,10955743,226.87,40942,7.22,14.80,63944,3.53
Belgium,2012,Q1,26174,26.17,11031139,237.28,42291,7.63,14.80,64461,2.84
Belgium,2012,Q2,26174,26.17,11031139,237.28,42291,7.63,14.80,64461,2.84
Belgium,2012,Q3,26174,26.17,11031139,237.28,42291,7.63,14.80,64461,2.84
Belgium,2012,Q4,26174,26.17,11031139,237.28,42291,7.63,14.80,64461,2.84
Belgium,2013,Q1,27954,27.95,11103257,251.76,43671,8.55,15.70,65099,1.11
Belgium,2013,Q2,27954,27.95,11103257,251.76,43671,8.55,15.70,65099,1.11
Belgium,2013,Q3,27954,27.95,11103257,251.76,43671,8.55,15.70,65099,1.11
Belgium,2013,Q4,27954,27.95,11103257,251.76,43671,8.55,15.70,65099,1.11
Belgium,2014,Q1,28494,28.49,11176723,254.94,44930,8.66,15.80,65461,0.34
Belgium,2014,Q2,28494,28.49,11176723,254.94,44930,8.66,15.80,65461,0.34
Belgium,2014,Q3,28494,28.49,11176723,254.94,44930,8.66,15.80,65461,0.34
Belgium,2014,Q4,28494,28.49,11176723,254.94,44930,8.66,15.80,65461,0.34
Belgium,2015,Q1,27590,27.59,11248303,245.28,46201,8.65,15.80,65017,0.56
Belgium,2015,Q2,27590,27.59,11248303,245.28,46201,8.65,15.80,65017,0.56
Belgium,2015,Q3,27590,27.59,11248303,245.28,46201,8.65,15.80,65017,0.56
Belgium,2015,Q4,27590,27.59,11248303,245.28,46201,8.65,15.80,65017,0.56
Belgium,2016,Q1,29561,29.56,11316836,261.21,48597,7.85,16.30,65157,1.97
Belgium,2016,Q2,29561,29.56,11316836,261.21,48597,7.85,16.30,65157,1.97
Belgium,2016,Q3,29561,29.56,11316836,261.21,48597,7.85,16.30,65157,1.97
Belgium,2016,Q4,29561,29.56,11316836,261.21,48597,7.85,16.30,65157,1.97
Belgium,2017,Q1,29846,29.85,11384489,262.16,50442,7.10,16.60,64700,2.13
Belgium,2017,Q2,29846,29.85,11384489,262.16,50442,7.10,16.60,64700,2.13
Belgium,2017,Q3,29846,29.85,11384489,262.16,50442,7.10,16.60,64700,2.13
Belgium,2017,Q4,29846,29.85,11384489,262.16,50442,7.10,16.60,64700,2.13
Belgium,2018,Q1,29179,29.18,11448595,254.87,52530,5.96,16.80,65083,2.05
Belgium,2018,Q2,29179,29.18,11448595,254.87,52530,5.96,16.80,65083,2.05
Belgium,2018,Q3,29179,29.18,11448595,254.87,52530,5.96,16.80,65083,2.05
Belgium,2018,Q4,29179,29.18,11448595,254.87,52530,5.96,16.80,65083,2.05
Belgium,2019,Q1,29890,29.89,11510568,259.67,56621,5.37,17.20,65700,1.44
Belgium,2019,Q2,29890,29.89,11510568,259.67,56621,5.37,17.20,65700,1.44
Belgium,2019,Q3,29890,29.89,11510568,259.67,56621,5.37,17.20,65700,1.44
Belgium,2019,Q4,29890,29.89,11510568,259.67,56621,5.37,17.20,65700,1.44
Canada,2010,Q1,12301,12.30,34004889,36.17,40099,8.18,19.80,52457,1.78
Canada,2010,Q2,13836,13.84,34004889,40.69,40099,8.18,19.80,52457,1.78
Canada,2010,Q3,19826,19.83,34004889,58.30,40099,8.18,19.80,52457,1.78
Canada,2010,Q4,13725,13.73,34004889,40.36,40099,8.18,19.80,52457,1.78
Canada,2011,Q1,13747,13.75,34339328,40.03,41667,7.63,19.60,53088,2.91
Canada,2011,Q2,14168,14.17,34339328,41.26,41667,7.63,19.60,53088,2.91
Canada,2011,Q3,22222,22.22,34339328,64.71,41667,7.63,19.60,53088,2.91
Canada,2011,Q4,14988,14.99,34339328,43.65,41667,7.63,19.60,53088,2.91
Canada,2012,Q1,14120,14.12,34714222,40.67,42291,7.40,19.80,53717,1.52
Canada,2012,Q2,14063,14.06,34714222,40.51,42291,7.40,19.80,53717,1.52
Canada,2012,Q3,20315,20.32,34714222,58.52,42291,7.40,19.80,53717,1.52
Canada,2012,Q4,13375,13.38,34714222,38.53,42291,7.40,19.80,53717,1.52
Canada,2013,Q1,14286,14.29,35082954,40.72,44299,7.15,19.90,54286,0.94
Canada,2013,Q2,14153,14.15,35082954,40.34,44299,7.15,19.90,54286,0.94
Canada,2013,Q3,19902,19.90,35082954,56.73,44299,7.15,19.90,54286,0.94
Canada,2013,Q4,14368,14.37,35082954,40.95,44299,7.15,19.90,54286,0.94
Canada,2014,Q1,14680,14.68,35437435,41.43,45754,7.03,20.10,54995,1.91
Canada,2014,Q2,14772,14.77,35437435,41.68,45754,7.03,20.10,54995,1.91
Canada,2014,Q3,21768,21.77,35437435,61.43,45754,7.03,20.10,54995,1.91
Canada,2014,Q4,14002,14.00,35437435,39.51,45754,7.03,20.10,54995,1.91
Canada,2015,Q1,14989,14.99,35702908,41.98,44670,6.94,20.20,55400,1.13
Canada,2015,Q2,15078,15.08,35702908,42.23,44670,6.94,20.20,55400,1.13
Canada,2015,Q3,23493,23.49,35702908,65.80,44670,6.94,20.20,55400,1.13
Canada,2015,Q4,15385,15.39,35702908,43.09,44670,6.94,20.20,55400,1.13
Canada,2016,Q1,15111,15.11,36109487,41.85,46472,7.03,20.70,54350,1.43
Canada,2016,Q2,13904,13.90,36109487,38.51,46472,7.03,20.70,54350,1.43
Canada,2016,Q3,41778,41.78,36109487,115.70,46472,7.03,20.70,54350,1.43
Canada,2016,Q4,26680,26.68,36109487,73.89,46472,7.03,20.70,54350,1.43
Canada,2017,Q1,27115,27.12,36545236,74.20,48317,6.42,21.00,55122,1.60
Canada,2017,Q2,24391,24.39,36545236,66.74,48317,6.42,21.00,55122,1.60
Canada,2017,Q3,31704,31.70,36545236,86.75,48317,6.42,21.00,55122,1.60
Canada,2017,Q4,20803,20.80,36545236,56.92,48317,6.42,21.00,55122,1.60
Canada,2018,Q1,23635,23.64,37065084,63.77,49993,5.84,0.00,56083,2.27
Canada,2018,Q2,22129,22.13,37065084,59.70,49993,5.84,0.00,56083,2.27
Canada,2018,Q3,30291,30.29,37065084,81.72,49993,5.84,0.00,56083,2.27
Canada,2018,Q4,20980,20.98,37065084,56.60,49993,5.84,0.00,56083,2.27
Canada,2019,Q1,21331,21.33,37601230,56.73,50522,5.69,0.00,56370,1.95
Canada,2019,Q2,19602,19.60,37601230,52.13,50522,5.69,0.00,56370,1.95
Canada,2019,Q3,30675,30.68,37601230,81.58,50522,5.69,0.00,56370,1.95
Canada,2019,Q4,18852,18.85,37601230,50.14,50522,5.69,0.00,56370,1.95
Czechia,2010,Q1,3717,3.72,10517247,35.34,27764,7.29,6.30,28648,1.47
Czechia,2010,Q2,3717,3.72,10517247,35.34,27764,7.29,6.30,28648,1.47
Czechia,2010,Q3,3717,3.72,10517247,35.34,27764,7.29,6.30,28648,1.47
Czechia,2010,Q4,3717,3.72,10517247,35.34,27764,7.29,6.30,28648,1.47
Czechia,2011,Q1,1425,1.43,10496672,13.58,29000,6.72,7.10,28882,1.92
Czechia,2011,Q2,1425,1.43,10496672,13.58,29000,6.72,7.10,28882,1.92
Czechia,2011,Q3,1425,1.43,10496672,13.58,29000,6.72,7.10,28882,1.92
Czechia,2011,Q4,1425,1.43,10496672,13.58,29000,6.72,7.10,28882,1.92
Czechia,2012,Q1,5001,5.00,10509286,47.59,29259,6.97,7.00,28934,3.29
Czechia,2012,Q2,5001,5.00,10509286,47.59,29259,6.97,7.00,28934,3.29
Czechia,2012,Q3,5001,5.00,10509286,47.59,29259,6.97,7.00,28934,3.29
Czechia,2012,Q4,5001,5.00,10509286,47.59,29259,6.97,7.00,28934,3.29
Czechia,2013,Q1,7719,7.72,10510719,73.44,30829,6.97,7.00,28754,1.44
Czechia,2013,Q2,7719,7.72,10510719,73.44,30829,6.97,7.00,28754,1.44
Czechia,2013,Q3,7719,7.72,10510719,73.44,30829,6.97,7.00,28754,1.44
Czechia,2013,Q4,7719,7.72,10510719,73.44,30829,6.97,7.00,28754,1.44
Czechia,2014,Q1,4991,4.99,10524783,47.42,32504,6.12,7.10,29360,0.34
Czechia,2014,Q2,4991,4.99,10524783,47.42,32504,6.12,7.10,29360,0.34
Czechia,2014,Q3,4991,4.99,10524783,47.42,32504,6.12,7.10,29360,0.34
Czechia,2014,Q4,4991,4.99,10524783,47.42,32504,6.12,7.10,29360,0.34
Czechia,2015,Q1,4736,4.74,10542942,44.92,33909,5.06,7.30,30224,0.31
Czechia,2015,Q2,4736,4.74,10542942,44.92,33909,5.06,7.30,30224,0.31
Czechia,2015,Q3,4736,4.74,10542942,44.92,33909,5.06,7.30,30224,0.31
Czechia,2015,Q4,4736,4.74,10542942,44.92,33909,5.06,7.30,30224,0.31
Czechia,2016,Q1,4360,4.36,10565284,41.26,36101,3.97,7.50,31291,0.68
Czechia,2016,Q2,4360,4.36,10565284,41.26,36101,3.97,7.50,31291,0.68
Czechia,2016,Q3,4360,4.36,10565284,41.26,36101,3.97,7.50,31291,0.68
Czechia,2016,Q4,4360,4.36,10565284,41.26,36101,3.97,7.50,31291,0.68
Czechia,2017,Q1,4421,4.42,10589526,41.75,38843,2.91,7.80,32891,2.45
Czechia,2017,Q2,4421,4.42,10589526,41.75,38843,2.91,7.80,32891,2.45
Czechia,2017,Q3,4421,4.42,10589526,41.75,38843,2.91,7.80,32891,2.45
Czechia,2017,Q4,4421,4.42,10589526,41.75,38843,2.91,7.80,32891,2.45
Czechia,2018,Q1,4880,4.88,10626430,45.92,41157,2.27,7.80,34633,2.15
Czechia,2018,Q2,4880,4.88,10626430,45.92,41157,2.27,7.80,34633,2.15
Czechia,2018,Q3,4880,4.88,10626430,45.92,41157,2.27,7.80,34633,2.15
Czechia,2018,Q4,4880,4.88,10626430,45.92,41157,2.27,7.80,34633,2.15
Czechia,2019,Q1,5325,5.33,10669324,49.91,44871,2.02,8.50,36071,2.85
Czechia,2019,Q2,5325,5.33,10669324,49.91,44871,2.02,8.50,36071,2.85
Czechia,2019,Q3,5325,5.33,10669324,49.91,44871,2.02,8.50,36071,2.85
Czechia,2019,Q4,5325,5.33,10669324,49.91,44871,2.02,8.50,36071,2.85
Finland,2010,Q1,2607,2.61,5363271,48.61,38949,8.54,4.30,49911,1.18
Finland,2010,Q2,2429,2.43,5363271,45.29,38949,8.54,4.30,49911,1.18
Finland,2010,Q3,4182,4.18,5363271,77.97,38949,8.54,4.30,49911,1.18
Finland,2010,Q4,2687,2.69,5363271,50.10,38949,8.54,4.30,49911,1.18
Finland,2011,Q1,2845,2.85,5388166,52.80,40917,7.97,4.60,49925,3.42
Finland,2011,Q2,2665,2.67,5388166,49.46,40917,7.97,4.60,49925,3.42
Finland,2011,Q3,4322,4.32,5388166,80.21,40917,7.97,4.60,49925,3.42
Finland,2011,Q4,2828,2.83,5388166,52.49,40917,7.97,4.60,49925,3.42
Finland,2012,Q1,3032,3.03,5413859,56.00,40873,7.81,4.90,49965,2.81
Finland,2012,Q2,3101,3.10,5413859,57.28,40873,7.81,4.90,49965,2.81
Finland,2012,Q3,4766,4.77,5413859,88.03,40873,7.81,4.90,49965,2.81
Finland,2012,Q4,2946,2.95,5413859,54.42,40873,7.81,4.90,49965,2.81
Finland,2013,Q1,3184,3.18,5438872,58.54,41493,8.30,5.20,49465,1.48
Finland,2013,Q2,2857,2.86,5438872,52.53,41493,8.30,5.20,49465,1.48
Finland,2013,Q3,4827,4.83,5438872,88.75,41493,8.30,5.20,49465,1.48
Finland,2013,Q4,3025,3.03,5438872,55.62,41493,8.30,5.20,49465,1.48
Finland,2014,Q1,3300,3.30,5461440,60.42,41750,8.75,5.60,49449,1.04
Finland,2014,Q2,3431,3.43,5461440,62.82,41750,8.75,5.60,49449,1.04
Finland,2014,Q3,5026,5.03,5461440,92.03,41750,8.75,5.60,49449,1.04
Finland,2014,Q4,3729,3.73,5461440,68.28,41750,8.75,5.60,49449,1.04
Finland,2015,Q1,3502,3.50,5479461,63.91,42490,9.46,5.90,49836,-0.21
Finland,2015,Q2,3891,3.89,5479461,71.01,42490,9.46,5.90,49836,-0.21
Finland,2015,Q3,5081,5.08,5479461,92.73,42490,9.46,5.90,49836,-0.21
Finland,2015,Q4,3831,3.83,5479461,69.92,42490,9.46,5.90,49836,-0.21
Finland,2016,Q1,3612,3.61,5495219,65.73,44934,8.92,6.10,50274,0.36
Finland,2016,Q2,4261,4.26,5495219,77.54,44934,8.92,6.10,50274,0.36
Finland,2016,Q3,5489,5.49,5495219,99.89,44934,8.92,6.10,50274,0.36
Finland,2016,Q4,4720,4.72,5495219,85.89,44934,8.92,6.10,50274,0.36
Finland,2017,Q1,3910,3.91,5508140,70.99,47570,8.77,6.50,49985,0.75
Finland,2017,Q2,3687,3.69,5508140,66.94,47570,8.77,6.50,49985,0.75
Finland,2017,Q3,5640,5.64,5508140,102.39,47570,8.77,6.50,49985,0.75
Finland,2017,Q4,3736,3.74,5508140,67.83,47570,8.77,6.50,49985,0.75
Finland,2018,Q1,3502,3.50,5515461,63.49,49573,7.43,6.70,50354,1.08
Finland,2018,Q2,5167,5.17,5515461,93.68,49573,7.43,6.70,50354,1.08
Finland,2018,Q3,7003,7.00,5515461,126.97,49573,7.43,6.70,50354,1.08
Finland,2018,Q4,3469,3.47,5515461,62.90,49573,7.43,6.70,50354,1.08
Finland,2019,Q1,4026,4.03,5521537,72.91,52570,6.74,7.00,50873,1.02
Finland,2019,Q2,3645,3.65,5521537,66.01,52570,6.74,7.00,50873,1.02
Finland,2019,Q3,5774,5.77,5521537,104.57,52570,6.74,7.00,50873,1.02
Finland,2019,Q4,3818,3.82,5521537,69.15,52570,6.74,7.00,50873,1.02
Germany,2010,Q1,158281,158.28,81325090,194.63,39670,6.58,13.10,52912,1.81
Germany,2010,Q2,148036,148.04,81325090,182.03,39670,6.58,13.10,52912,1.81
Germany,2010,Q3,204143,204.14,81325090,251.02,39670,6.58,13.10,52912,1.81
Germany,2010,Q4,160146,160.15,81325090,196.92,39670,6.58,13.10,52912,1.81
Germany,2011,Q1,152994,152.99,81423378,187.90,42542,5.52,13.00,53980,3.29
Germany,2011,Q2,147117,147.12,81423378,180.68,42542,5.52,13.00,53980,3.29
Germany,2011,Q3,208180,208.18,81423378,255.68,42542,5.52,13.00,53980,3.29
Germany,2011,Q4,170658,170.66,81423378,209.59,42542,5.52,13.00,53980,3.29
Germany,2012,Q1,162623,162.62,81545565,199.43,43360,5.08,12.10,54699,2.49
Germany,2012,Q2,155679,155.68,81545565,190.91,43360,5.08,12.10,54699,2.49
Germany,2012,Q3,212207,212.21,81545565,260.23,43360,5.08,12.10,54699,2.49
Germany,2012,Q4,181483,181.48,81545565,222.55,43360,5.08,12.10,54699,2.49
Germany,2013,Q1,178039,178.04,81680591,217.97,44994,4.95,12.40,55215,2.00
Germany,2013,Q2,171363,171.36,81680591,209.80,44994,4.95,12.40,55215,2.00
Germany,2013,Q3,237640,237.64,81680591,290.94,44994,4.95,12.40,55215,2.00
Germany,2013,Q4,210847,210.85,81680591,258.14,44994,4.95,12.40,55215,2.00
Germany,2014,Q1,215170,215.17,81858825,262.85,47011,4.71,12.80,56141,1.61
Germany,2014,Q2,211333,211.33,81858825,258.17,47011,4.71,12.80,56141,1.61
Germany,2014,Q3,269463,269.46,81858825,329.18,47011,4.71,12.80,56141,1.61
Germany,2014,Q4,218275,218.28,81858825,266.65,47011,4.71,12.80,56141,1.61
Germany,2015,Q1,217412,217.41,82073226,264.90,47610,4.37,13.30,57431,0.90
Germany,2015,Q2,219781,219.78,82073226,267.79,47610,4.37,13.30,57431,0.90
Germany,2015,Q3,285741,285.74,82073226,348.15,47610,4.37,13.30,57431,0.90
Germany,2015,Q4,274567,274.57,82073226,334.54,47610,4.37,13.30,57431,0.90
Germany,2016,Q1,451591,451.59,82331423,548.50,50579,3.91,13.90,58311,0.89
Germany,2016,Q2,285743,285.74,82331423,347.06,50579,3.91,13.90,58311,0.89
Germany,2016,Q3,347189,347.19,82331423,421.70,50579,3.91,13.90,58311,0.89
Germany,2016,Q4,283668,283.67,82331423,344.54,50579,3.91,13.90,58311,0.89
Germany,2017,Q1,238511,238.51,82624374,288.67,53071,3.57,15.40,58924,2.08
Germany,2017,Q2,243440,243.44,82624374,294.63,53071,3.57,15.40,58924,2.08
Germany,2017,Q3,357074,357.07,82624374,432.17,53071,3.57,15.40,58924,2.08
Germany,2017,Q4,301593,301.59,82624374,365.02,53071,3.57,15.40,58924,2.08
Germany,2018,Q1,276441,276.44,82896696,333.48,55196,3.21,15.80,59750,2.00
Germany,2018,Q2,270130,270.13,82896696,325.86,55196,3.21,15.80,59750,2.00
Germany,2018,Q3,346315,346.32,82896696,417.77,55196,3.21,15.80,59750,2.00
Germany,2018,Q4,299781,299.78,82896696,361.63,55196,3.21,15.80,59750,2.00
Germany,2019,Q1,287859,287.86,83148141,346.20,58252,2.98,16.10,60732,1.53
Germany,2019,Q2,293311,293.31,83148141,352.76,58252,2.98,16.10,60732,1.53
Germany,2019,Q3,358054,358.05,83148141,430.62,58252,2.98,16.10,60732,1.53
Germany,2019,Q4,309614,309.61,83148141,372.36,58252,2.98,16.10,60732,1.53
Hungary,2010,Q1,3341,3.34,9986825,33.46,21739,10.80,4.10,24005,4.86
Hungary,2010,Q2,3341,3.34,9986825,33.46,21739,10.80,4.10,24005,4.86
Hungary,2010,Q3,3341,3.34,9986825,33.46,21739,10.80,4.10,24005,4.86
Hungary,2010,Q4,3341,3.34,9986825,33.46,21739,10.80,4.10,24005,4.86
Hungary,2011,Q1,3775,3.78,9953245,37.93,23029,10.66,4.50,24316,3.93
Hungary,2011,Q2,3775,3.78,9953245,37.93,23029,10.66,4.50,24316,3.93
Hungary,2011,Q3,3775,3.78,9953245,37.93,23029,10.66,4.50,24316,3.93
Hungary,2011,Q4,3775,3.78,9953245,37.93,23029,10.66,4.50,24316,3.93
Hungary,2012,Q1,5720,5.72,9922127,57.65,23267,10.58,4.10,23506,5.65
Hungary,2012,Q2,5720,5.72,9922127,57.65,23267,10.58,4.10,23506,5.65
Hungary,2012,Q3,5720,5.72,9922127,57.65,23267,10.58,4.10,23506,5.65
Hungary,2012,Q4,5720,5.72,9922127,57.65,23267,10.58,4.10,23506,5.65
Hungary,2013,Q1,8673,8.67,9894639,87.65,24548,9.63,4.30,23266,1.73
Hungary,2013,Q2,8673,8.67,9894639,87.65,24548,9.63,4.30,23266,1.73
Hungary,2013,Q3,8673,8.67,9894639,87.65,24548,9.63,4.30,23266,1.73
Hungary,2013,Q4,8673,8.67,9894639,87.65,24548,9.63,4.30,23266,1.73
Hungary,2014,Q1,10553,10.55,9867901,106.95,25692,7.46,4.60,22961,-0.23
Hungary,2014,Q2,10553,10.55,9867901,106.95,25692,7.46,4.60,22961,-0.23
Hungary,2014,Q3,10553,10.55,9867901,106.95,25692,7.46,4.60,22961,-0.23
Hungary,2014,Q4,10553,10.55,9867901,106.95,25692,7.46,4.60,22961,-0.23
Hungary,2015,Q1,10806,10.81,9844246,109.77,26799,6.52,4.90,23140,-0.06
Hungary,2015,Q2,10806,10.81,9844246,109.77,26799,6.52,4.90,23140,-0.06
Hungary,2015,Q3,10806,10.81,9844246,109.77,26799,6.52,4.90,23140,-0.06
Hungary,2015,Q4,10806,10.81,9844246,109.77,26799,6.52,4.90,23140,-0.06
Hungary,2016,Q1,9972,9.97,9815104,101.60,27942,4.88,5.20,23349,0.39
Hungary,2016,Q2,9972,9.97,9815104,101.60,27942,4.88,5.20,23349,0.39
Hungary,2016,Q3,9972,9.97,9815104,101.60,27942,4.88,5.20,23349,0.39
Hungary,2016,Q4,9972,9.97,9815104,101.60,27942,4.88,5.20,23349,0.39
Hungary,2017,Q1,9957,9.96,9788941,101.72,29496,4.05,5.30,25038,2.35
Hungary,2017,Q2,9957,9.96,9788941,101.72,29496,4.05,5.30,25038,2.35
Hungary,2017,Q3,9957,9.96,9788941,101.72,29496,4.05,5.30,25038,2.35
Hungary,2017,Q4,9957,9.96,9788941,101.72,29496,4.05,5.30,25038,2.35
Hungary,2018,Q1,12045,12.04,9776358,123.20,31909,3.52,5.50,26265,2.85
Hungary,2018,Q2,12045,12.04,9776358,123.20,31909,3.52,5.50,26265,2.85
Hungary,2018,Q3,12045,12.04,9776358,123.20,31909,3.52,5.50,26265,2.85
Hungary,2018,Q4,12045,12.04,9776358,123.20,31909,3.52,5.50,26265,2.85
Hungary,2019,Q1,12449,12.45,9771796,127.39,35153,3.25,5.80,27140,3.34
Hungary,2019,Q2,12449,12.45,9771796,127.39,35153,3.25,5.80,27140,3.34
Hungary,2019,Q3,12449,12.45,9771796,127.39,35153,3.25,5.80,27140,3.34
Hungary,2019,Q4,12449,12.45,9771796,127.39,35153,3.25,5.80,27140,3.34
Ireland,2010,Q1,17300,17.30,4560155,379.37,43207,14.57,16.57,52793,-0.92
Ireland,2010,Q2,17300,17.30,4560155,379.37,43207,14.57,16.57,52793,-0.92
Ireland,2010,Q3,17300,17.30,4560155,379.37,43207,14.57,16.57,52793,-0.92
Ireland,2010,Q4,17300,17.30,4560155,379.37,43207,14.57,16.57,52793,-0.92
Ireland,2011,Q1,20150,20.15,4580084,439.95,45132,15.41,16.70,52035,2.56
Ireland,2011,Q2,20150,20.15,4580084,439.95,45132,15.41,16.70,52035,2.56
Ireland,2011,Q3,20150,20.15,4580084,439.95,45132,15.41,16.70,52035,2.56
Ireland,2011,Q4,20150,20.15,4580084,439.95,45132,15.41,16.70,52035,2.56
Ireland,2012,Q1,20750,20.75,4599533,451.13,46305,15.48,16.70,51578,1.70
Ireland,2012,Q2,20750,20.75,4599533,451.13,46305,15.48,16.70,51578,1.70
Ireland,2012,Q3,20750,20.75,4599533,451.13,46305,15.48,16.70,51578,1.70
Ireland,2012,Q4,20750,20.75,4599533,451.13,46305,15.48,16.70,51578,1.70
Ireland,2013,Q1,20325,20.33,4623816,439.57,47836,13.78,16.90,50323,0.51
Ireland,2013,Q2,20325,20.33,4623816,439.57,47836,13.78,16.90,50323,0.51
Ireland,2013,Q3,20325,20.33,4623816,439.57,47836,13.78,16.90,50323,0.51
Ireland,2013,Q4,20325,20.33,4623816,439.57,47836,13.78,16.90,50323,0.51
Ireland,2014,Q1,18750,18.75,4657740,402.56,51297,11.88,17.10,50080,0.18
Ireland,2014,Q2,18750,18.75,4657740,402.56,51297,11.88,17.10,50080,0.18
Ireland,2014,Q3,18750,18.75,4657740,402.56,51297,11.88,17.10,50080,0.18
Ireland,2014,Q4,18750,18.75,4657740,402.56,51297,11.88,17.10,50080,0.18
Ireland,2015,Q1,17500,17.50,4701957,372.19,69306,9.93,17.30,50079,-0.29
Ireland,2015,Q2,17500,17.50,4701957,372.19,69306,9.93,17.30,50079,-0.29
Ireland,2015,Q3,17500,17.50,4701957,372.19,69306,9.93,17.30,50079,-0.29
Ireland,2015,Q4,17500,17.50,4701957,372.19,69306,9.93,17.30,50079,-0.29
Ireland,2016,Q1,16550,16.55,4755335,348.03,71506,8.41,17.30,50593,0.01
Ireland,2016,Q2,16550,16.55,4755335,348.03,71506,8.41,17.30,50593,0.01
Ireland,2016,Q3,16550,16.55,4755335,348.03,71506,8.41,17.30,50593,0.01
Ireland,2016,Q4,16550,16.55,4755335,348.03,71506,8.41,17.30,50593,0.01
Ireland,2017,Q1,16200,16.20,4807388,336.98,78252,6.73,17.20,51180,0.34
Ireland,2017,Q2,16200,16.20,4807388,336.98,78252,6.73,17.20,51180,0.34
Ireland,2017,Q3,16200,16.20,4807388,336.98,78252,6.73,17.20,51180,0.34
Ireland,2017,Q4,16200,16.20,4807388,336.98,78252,6.73,17.20,51180,0.34
Ireland,2018,Q1,14075,14.08,4867316,289.17,85035,5.78,17.30,51852,0.49
Ireland,2018,Q2,14075,14.08,4867316,289.17,85035,5.78,17.30,51852,0.49
Ireland,2018,Q3,14075,14.08,4867316,289.17,85035,5.78,17.30,51852,0.49
Ireland,2018,Q4,14075,14.08,4867316,289.17,85035,5.78,17.30,51852,0.49
Ireland,2019,Q1,13725,13.73,4934340,278.15,91073,4.97,17.80,52648,0.94
Ireland,2019,Q2,13725,13.73,4934340,278.15,91073,4.97,17.80,52648,0.94
Ireland,2019,Q3,13725,13.73,4934340,278.15,91073,4.97,17.80,52648,0.94
Ireland,2019,Q4,13725,13.73,4934340,278.15,91073,4.97,17.80,52648,0.94
Italy,2010,Q1,16875,16.88,59822450,28.21,34834,8.54,9.80,47629,1.53
Italy,2010,Q2,16875,16.88,59822450,28.21,34834,8.54,9.80,47629,1.53
Italy,2010,Q3,16875,16.88,59822450,28.21,34834,8.54,9.80,47629,1.53
Italy,2010,Q4,16875,16.88,59822450,28.21,34834,8.54,9.80,47629,1.53
Italy,2011,Q1,20615,20.62,60025952,34.34,36203,8.51,9.70,46866,2.78
Italy,2011,Q2,20615,20.62,60025952,34.34,36203,8.51,9.70,46866,2.78
Italy,2011,Q3,20615,20.62,60025952,34.34,36203,8.51,9.70,46866,2.78
Italy,2011,Q4,20615,20.62,60025952,34.34,36203,8.51,9.70,46866,2.78
Italy,2012,Q1,26554,26.55,60190145,44.12,36091,10.88,9.50,45379,3.04
Italy,2012,Q2,26554,26.55,60190145,44.12,36091,10.88,9.50,45379,3.04
Italy,2012,Q3,26554,26.55,60190145,44.12,36091,10.88,9.50,45379,3.04
Italy,2012,Q4,26554,26.55,60190145,44.12,36091,10.88,9.50,45379,3.04
Italy,2013,Q1,31434,31.43,60312599,52.12,36268,12.37,9.50,45527,1.22
Italy,2013,Q2,31434,31.43,60312599,52.12,36268,12.37,9.50,45527,1.22
Italy,2013,Q3,31434,31.43,60312599,52.12,36268,12.37,9.50,45527,1.22
Italy,2013,Q4,31434,31.43,60312599,52.12,36268,12.37,9.50,45527,1.22
Italy,2014,Q1,34082,34.08,60322791,56.50,36476,12.82,9.50,45704,0.24
Italy,2014,Q2,34082,34.08,60322791,56.50,36476,12.82,9.50,45704,0.24
Italy,2014,Q3,34082,34.08,60322791,56.50,36476,12.82,9.50,45704,0.24
Italy,2014,Q4,34082,34.08,60322791,56.50,36476,12.82,9.50,45704,0.24
Italy,2015,Q1,36739,36.74,60232906,60.99,37206,12.00,9.60,46103,0.04
Italy,2015,Q2,36739,36.74,60232906,60.99,37206,12.00,9.60,46103,0.04
Italy,2015,Q3,36739,36.74,60232906,60.99,37206,12.00,9.60,46103,0.04
Italy,2015,Q4,36739,36.74,60232906,60.99,37206,12.00,9.60,46103,0.04
Italy,2016,Q1,39266,39.27,60118626,65.31,40267,11.75,9.70,46469,-0.09
Italy,2016,Q2,39266,39.27,60118626,65.31,40267,11.75,9.70,46469,-0.09
Italy,2016,Q3,39266,39.27,60118626,65.31,40267,11.75,9.70,46469,-0.09
Italy,2016,Q4,39266,39.27,60118626,65.31,40267,11.75,9.70,46469,-0.09
Italy,2017,Q1,38778,38.78,60004032,64.62,41951,11.26,10.00,46169,1.23
Italy,2017,Q2,38778,38.78,60004032,64.62,41951,11.26,10.00,46169,1.23
Italy,2017,Q3,38778,38.78,60004032,64.62,41951,11.26,10.00,46169,1.23
Italy,2017,Q4,38778,38.78,60004032,64.62,41951,11.26,10.00,46169,1.23
Italy,2018,Q1,39240,39.24,59877425,65.53,43428,10.60,10.20,46230,1.14
Italy,2018,Q2,39240,39.24,59877425,65.53,43428,10.60,10.20,46230,1.14
Italy,2018,Q3,39240,39.24,59877425,65.53,43428,10.60,10.20,46230,1.14
Italy,2018,Q4,39240,39.24,59877425,65.53,43428,10.60,10.20,46230,1.14
Italy,2019,Q1,40135,40.13,59727932,67.20,46470,9.93,10.40,46460,0.61
Italy,2019,Q2,40135,40.13,59727932,67.20,46470,9.93,10.40,46460,0.61
Italy,2019,Q3,40135,40.13,59727932,67.20,46470,9.93,10.40,46460,0.61
Italy,2019,Q4,40135,40.13,59727932,67.20,46470,9.93,10.40,46460,0.61
Latvia,2010,Q1,9913,9.91,2101530,471.69,17708,19.48,14.80,22140,-1.08
Latvia,2010,Q2,9913,9.91,2101530,471.69,17708,19.48,14.80,22140,-1.08
Latvia,2010,Q3,9913,9.91,2101530,471.69,17708,19.48,14.80,22140,-1.08
Latvia,2010,Q4,9913,9.91,2101530,471.69,17708,19.48,14.80,22140,-1.08
Latvia,2011,Q1,7578,7.58,2076974,364.85,19257,16.21,14.50,21373,4.37
Latvia,2011,Q2,7578,7.58,2076974,364.85,19257,16.21,14.50,21373,4.37
Latvia,2011,Q3,7578,7.58,2076974,364.85,19257,16.21,14.50,21373,4.37
Latvia,2011,Q4,7578,7.58,2076974,364.85,19257,16.21,14.50,21373,4.37
Latvia,2012,Q1,6291,6.29,2053636,306.32,21298,15.04,14.00,22240,2.26
Latvia,2012,Q2,6291,6.29,2053636,306.32,21298,15.04,14.00,22240,2.26
Latvia,2012,Q3,6291,6.29,2053636,306.32,21298,15.04,14.00,22240,2.26
Latvia,2012,Q4,6291,6.29,2053636,306.32,21298,15.04,14.00,22240,2.26
Latvia,2013,Q1,5640,5.64,2031486,277.64,22637,11.86,13.70,23301,-0.03
Latvia,2013,Q2,5640,5.64,2031486,277.64,22637,11.86,13.70,23301,-0.03
Latvia,2013,Q3,5640,5.64,2031486,277.64,22637,11.86,13.70,23301,-0.03
Latvia,2013,Q4,5640,5.64,2031486,277.64,22637,11.86,13.70,23301,-0.03
Latvia,2014,Q1,4754,4.75,2011039,236.41,23810,10.84,13.40,24864,0.62
Latvia,2014,Q2,4754,4.75,2011039,236.41,23810,10.84,13.40,24864,0.62
Latvia,2014,Q3,4754,4.75,2011039,236.41,23810,10.84,13.40,24864,0.62
Latvia,2014,Q4,4754,4.75,2011039,236.41,23810,10.84,13.40,24864,0.62
Latvia,2015,Q1,5030,5.03,1991955,252.50,24976,9.88,13.30,26944,0.17
Latvia,2015,Q2,5030,5.03,1991955,252.50,24976,9.88,13.30,26944,0.17
Latvia,2015,Q3,5030,5.03,1991955,252.50,24976,9.88,13.30,26944,0.17
Latvia,2015,Q4,5030,5.03,1991955,252.50,24976,9.88,13.30,26944,0.17
Latvia,2016,Q1,5144,5.14,1973476,260.63,26725,9.63,13.10,28523,0.14
Latvia,2016,Q2,5144,5.14,1973476,260.63,26725,9.63,13.10,28523,0.14
Latvia,2016,Q3,5144,5.14,1973476,260.63,26725,9.63,13.10,28523,0.14
Latvia,2016,Q4,5144,5.14,1973476,260.63,26725,9.63,13.10,28523,0.14
Latvia,2017,Q1,4431,4.43,1954862,226.67,28690,8.71,12.90,29546,2.93
Latvia,2017,Q2,4431,4.43,1954862,226.67,28690,8.71,12.90,29546,2.93
Latvia,2017,Q3,4431,4.43,1954862,226.67,28690,8.71,12.90,29546,2.93
Latvia,2017,Q4,4431,4.43,1954862,226.67,28690,8.71,12.90,29546,2.93
Latvia,2018,Q1,3954,3.95,1935630,204.25,30892,7.40,12.80,30640,2.53
Latvia,2018,Q2,3954,3.95,1935630,204.25,30892,7.40,12.80,30640,2.53
Latvia,2018,Q3,3954,3.95,1935630,204.25,30892,7.40,12.80,30640,2.53
Latvia,2018,Q4,3954,3.95,1935630,204.25,30892,7.40,12.80,30640,2.53
Latvia,2019,Q1,3646,3.65,1916555,190.22,33306,6.32,12.70,31972,2.81
Latvia,2019,Q2,3646,3.65,1916555,190.22,33306,6.32,12.70,31972,2.81
Latvia,2019,Q3,3646,3.65,1916555,190.22,33306,6.32,12.70,31972,2.81
Latvia,2019,Q4,3646,3.65,1916555,190.22,33306,6.32,12.70,31972,2.81
Lithuania,2010,Q1,5676,5.68,3291960,172.42,20096,17.84,6.90,28340,1.32
Lithuania,2010,Q2,30117,30.12,3291960,914.87,20096,17.84,6.90,28340,1.32
Lithuania,2010,Q3,31868,31.87,3291960,968.06,20096,17.84,6.90,28340,1.32
Lithuania,2010,Q4,15496,15.50,3291960,470.72,20096,17.84,6.90,28340,1.32
Lithuania,2011,Q1,13531,13.53,3025027,447.30,22885,15.39,6.70,28918,4.13
Lithuania,2011,Q2,13984,13.98,3025027,462.28,22885,15.39,6.70,28918,4.13
Lithuania,2011,Q3,16945,16.95,3025027,560.16,22885,15.39,6.70,28918,4.13
Lithuania,2011,Q4,9403,9.40,3025027,310.84,22885,15.39,6.70,28918,4.13
Lithuania,2012,Q1,9745,9.75,2993266,325.56,24704,13.41,6.80,29401,3.09
Lithuania,2012,Q2,11642,11.64,2993266,388.94,24704,13.41,6.80,29401,3.09
Lithuania,2012,Q3,14895,14.90,2993266,497.62,24704,13.41,6.80,29401,3.09
Lithuania,2012,Q4,10525,10.53,2993266,351.62,24704,13.41,6.80,29401,3.09
Lithuania,2013,Q1,8906,8.91,2965766,300.29,26722,11.80,5.70,30515,1.05
Lithuania,2013,Q2,9555,9.56,2965766,322.18,26722,11.80,5.70,30515,1.05
Lithuania,2013,Q3,17083,17.08,2965766,576.01,26722,11.80,5.70,30515,1.05
Lithuania,2013,Q4,9505,9.51,2965766,320.49,26722,11.80,5.70,30515,1.05
Lithuania,2014,Q1,8433,8.43,2942022,286.64,28184,10.72,4.60,31902,0.10
Lithuania,2014,Q2,8969,8.97,2942022,304.86,28184,10.72,4.60,31902,0.10
Lithuania,2014,Q3,17009,17.01,2942022,578.14,28184,10.72,4.60,31902,0.10
Lithuania,2014,Q4,9463,9.46,2942022,321.65,28184,10.72,4.60,31902,0.10
Lithuania,2015,Q1,9516,9.52,2914932,326.46,28835,9.13,4.60,33989,-0.88
Lithuania,2015,Q2,12050,12.05,2914932,413.39,28835,9.13,4.60,33989,-0.88
Lithuania,2015,Q3,17209,17.21,2914932,590.37,28835,9.13,4.60,33989,-0.88
Lithuania,2015,Q4,11670,11.67,2914932,400.35,28835,9.13,4.60,33989,-0.88
Lithuania,2016,Q1,9857,9.86,2884328,341.74,30925,7.90,4.50,35752,0.91
Lithuania,2016,Q2,11048,11.05,2884328,383.04,30925,7.90,4.50,35752,0.91
Lithuania,2016,Q3,18844,18.84,2884328,653.32,30925,7.90,4.50,35752,0.91
Lithuania,2016,Q4,16550,16.55,2884328,573.79,30925,7.90,4.50,35752,0.91
Lithuania,2017,Q1,16095,16.10,2842142,566.30,33762,7.12,4.50,37766,3.72
Lithuania,2017,Q2,10901,10.90,2842142,383.55,33762,7.12,4.50,37766,3.72
Lithuania,2017,Q3,13568,13.57,2842142,477.39,33762,7.12,4.50,37766,3.72
Lithuania,2017,Q4,13387,13.39,2842142,471.02,33762,7.12,4.50,37766,3.72
Lithuania,2018,Q1,8871,8.87,2823137,314.22,36377,6.18,4.70,39524,2.70
Lithuania,2018,Q2,7651,7.65,2823137,271.01,36377,6.18,4.70,39524,2.70
Lithuania,2018,Q3,10266,10.27,2823137,363.64,36377,6.18,4.70,39524,2.70
Lithuania,2018,Q4,11850,11.85,2823137,419.75,36377,6.18,4.70,39524,2.70
Lithuania,2019,Q1,7693,7.69,2814827,273.30,40578,6.28,5.00,42041,2.33
Lithuania,2019,Q2,6632,6.63,2814827,235.61,40578,6.28,5.00,42041,2.33
Lithuania,2019,Q3,9763,9.76,2814827,346.84,40578,6.28,5.00,42041,2.33
Lithuania,2019,Q4,11353,11.35,2814827,403.33,40578,6.28,5.00,42041,2.33
Netherlands,2010,Q1,28389,28.39,16617117,170.84,45037,6.07,11.00,66270,1.28
Netherlands,2010,Q2,25262,25.26,16617117,152.02,45037,6.07,11.00,66270,1.28
Netherlands,2010,Q3,37389,37.39,16617117,225.00,45037,6.07,11.00,66270,1.28
Netherlands,2010,Q4,30311,30.31,16617117,182.41,45037,6.07,11.00,66270,1.28
Netherlands,2011,Q1,27875,27.88,16701472,166.90,46599,6.05,11.20,65977,2.34
Netherlands,2011,Q2,30202,30.20,16701472,180.83,46599,6.05,11.20,65977,2.34
Netherlands,2011,Q3,42292,42.29,16701472,253.22,46599,6.05,11.20,65977,2.34
Netherlands,2011,Q4,32825,32.83,16701472,196.54,46599,6.05,11.20,65977,2.34
Netherlands,2012,Q1,34480,34.48,16785299,205.42,47272,6.82,11.40,66198,2.46
Netherlands,2012,Q2,32555,32.56,16785299,193.95,47272,6.82,11.40,66198,2.46
Netherlands,2012,Q3,43008,43.01,16785299,256.22,47272,6.82,11.40,66198,2.46
Netherlands,2012,Q4,34448,34.45,16785299,205.23,47272,6.82,11.40,66198,2.46
Netherlands,2013,Q1,32578,32.58,16867352,193.14,49243,8.19,11.40,66395,2.51
Netherlands,2013,Q2,32309,32.31,16867352,191.55,49243,8.19,11.40,66395,2.51
Netherlands,2013,Q3,45492,45.49,16867352,269.70,49243,8.19,11.40,66395,2.51
Netherlands,2013,Q4,35290,35.29,16867352,209.22,49243,8.19,11.40,66395,2.51
Netherlands,2014,Q1,32705,32.71,16954081,192.90,49233,8.35,11.60,66039,0.98
Netherlands,2014,Q2,32488,32.49,16954081,191.62,49233,8.35,11.60,66039,0.98
Netherlands,2014,Q3,46669,46.67,16954081,275.27,49233,8.35,11.60,66039,0.98
Netherlands,2014,Q4,36000,36.00,16954081,212.34,49233,8.35,11.60,66039,0.98
Netherlands,2015,Q1,34595,34.60,17041107,203.01,50288,7.89,11.80,66841,0.60
Netherlands,2015,Q2,33482,33.48,17041107,196.48,50288,7.89,11.80,66841,0.60
Netherlands,2015,Q3,47482,47.48,17041107,278.63,50288,7.89,11.80,66841,0.60
Netherlands,2015,Q4,33950,33.95,17041107,199.22,50288,7.89,11.80,66841,0.60
Netherlands,2016,Q1,35766,35.77,17124505,208.86,52289,7.00,12.10,67112,0.32
Netherlands,2016,Q2,33280,33.28,17124505,194.34,52289,7.00,12.10,67112,0.32
Netherlands,2016,Q3,46525,46.53,17124505,271.69,52289,7.00,12.10,67112,0.32
Netherlands,2016,Q4,35974,35.97,17124505,210.07,52289,7.00,12.10,67112,0.32
Netherlands,2017,Q1,34953,34.95,17207198,203.13,55090,5.88,12.60,66634,1.38
Netherlands,2017,Q2,33996,34.00,17207198,197.57,55090,5.88,12.60,66634,1.38
Netherlands,2017,Q3,48256,48.26,17207198,280.44,55090,5.88,12.60,66634,1.38
Netherlands,2017,Q4,37087,37.09,17207198,215.53,55090,5.88,12.60,66634,1.38
Netherlands,2018,Q1,36095,36.10,17286042,208.81,57825,4.87,13.00,65910,1.70
Netherlands,2018,Q2,34339,34.34,17286042,198.65,57825,4.87,13.00,65910,1.70
Netherlands,2018,Q3,50018,50.02,17286042,289.35,57825,4.87,13.00,65910,1.70
Netherlands,2018,Q4,36914,36.91,17286042,213.55,57825,4.87,13.00,65910,1.70
Netherlands,2019,Q1,37239,37.24,17363262,214.47,61089,4.43,13.40,65449,2.63
Netherlands,2019,Q2,35325,35.33,17363262,203.45,61089,4.43,13.40,65449,2.63
Netherlands,2019,Q3,50366,50.37,17363262,290.07,61089,4.43,13.40,65449,2.63
Netherlands,2019,Q4,38099,38.10,17363262,219.42,61089,4.43,13.40,65449,2.63
New Zealand,2010,Q1,267539,267.54,4345700,6156.41,31127,6.22,21.60,44476,2.30
New Zealand,2010,Q2,274717,274.72,4350700,6314.32,31127,6.22,21.60,44476,2.30
New Zealand,2010,Q3,285636,285.64,4362700,6547.23,31127,6.22,21.60,44476,2.30
New Zealand,2010,Q4,297852,297.85,4373900,6809.76,31127,6.22,21.60,44476,2.30
New Zealand,2011,Q1,312438,312.44,4382500,7129.22,32638,6.03,21.60,44442,4.03
New Zealand,2011,Q2,327824,327.82,4384000,7477.74,32638,6.03,21.60,44442,4.03
New Zealand,2011,Q3,338967,338.97,4392000,7717.83,32638,6.03,21.60,44442,4.03
New Zealand,2011,Q4,346114,346.11,4399400,7867.30,32638,6.03,21.60,44442,4.03
New Zealand,2012,Q1,350686,350.69,4406500,7958.38,32917,6.47,21.60,45402,1.06
New Zealand,2012,Q2,346966,346.97,4408100,7871.10,32917,6.47,21.60,45402,1.06
New Zealand,2012,Q3,343478,343.48,4415600,7778.74,32917,6.47,21.60,45402,1.06
New Zealand,2012,Q4,338040,338.04,4425900,7637.77,32917,6.47,21.60,45402,1.06
New Zealand,2013,Q1,328342,328.34,4436000,7401.76,36085,5.85,22.20,44794,1.13
New Zealand,2013,Q2,315602,315.60,4442100,7104.79,36085,5.85,22.20,44794,1.13
New Zealand,2013,Q3,301216,301.22,4457900,6756.90,36085,5.85,22.20,44794,1.13
New Zealand,2013,Q4,285800,285.80,4477400,6383.17,36085,5.85,22.20,44794,1.13
New Zealand,2014,Q1,268557,268.56,4501100,5966.47,37085,5.42,23.00,44969,1.23
New Zealand,2014,Q2,256923,256.92,4516500,5688.54,37085,5.42,23.00,44969,1.23
New Zealand,2014,Q3,248853,248.85,4540300,5480.98,37085,5.42,23.00,44969,1.23
New Zealand,2014,Q4,244016,244.02,4564400,5346.07,37085,5.42,23.00,44969,1.23
New Zealand,2015,Q1,242005,242.01,4591900,5270.26,37247,5.40,24.00,45779,0.29
New Zealand,2015,Q2,241852,241.85,4609400,5246.93,37247,5.40,24.00,45779,0.29
New Zealand,2015,Q3,241345,241.35,4636300,5205.55,37247,5.40,24.00,45779,0.29
New Zealand,2015,Q4,241007,241.01,4663700,5167.72,37247,5.40,24.00,45779,0.29
New Zealand,2016,Q1,239589,239.59,4695000,5103.07,39697,5.13,25.10,47269,0.65
New Zealand,2016,Q2,239273,239.27,4714100,5075.69,39697,5.13,25.10,47269,0.65
New Zealand,2016,Q3,238891,238.89,4741200,5038.62,39697,5.13,25.10,47269,0.65
New Zealand,2016,Q4,239655,239.66,4767600,5026.74,39697,5.13,25.10,47269,0.65
New Zealand,2017,Q1,243422,243.42,4796700,5074.78,41994,4.72,26.20,47594,1.85
New Zealand,2017,Q2,246094,246.09,4813600,5112.47,41994,4.72,26.20,47594,1.85
New Zealand,2017,Q3,252705,252.71,4836300,5225.17,41994,4.72,26.20,47594,1.85
New Zealand,2017,Q4,258683,258.68,4859500,5323.24,41994,4.72,26.20,47594,1.85
New Zealand,2018,Q1,262009,262.01,4886100,5362.33,42321,4.33,26.80,48784,1.60
New Zealand,2018,Q2,266237,266.24,4900600,5432.74,42321,4.33,26.80,48784,1.60
New Zealand,2018,Q3,268681,268.68,4921300,5459.55,42321,4.33,26.80,48784,1.60
New Zealand,2018,Q4,268810,268.81,4941200,5440.18,42321,4.33,26.80,48784,1.60
New Zealand,2019,Q1,268861,268.86,4965300,5414.80,44886,4.10,0.00,50211,1.62
New Zealand,2019,Q2,267198,267.20,4979200,5366.28,44886,4.10,0.00,50211,1.62
New Zealand,2019,Q3,266436,266.44,5006900,5321.38,44886,4.10,0.00,50211,1.62
New Zealand,2019,Q4,274191,274.19,5040400,5439.87,44886,4.10,0.00,50211,1.62
Norway,2010,Q1,6629,6.63,4889741,135.57,58223,3.96,10.80,47531,2.42
Norway,2010,Q2,6809,6.81,4889741,139.25,58223,3.96,10.80,47531,2.42
Norway,2010,Q3,11078,11.08,4889741,226.56,58223,3.96,10.80,47531,2.42
Norway,2010,Q4,6990,6.99,4889741,142.95,58223,3.96,10.80,47531,2.42
Norway,2011,Q1,6871,6.87,4953561,138.71,62461,3.57,11.50,49201,1.28
Norway,2011,Q2,6444,6.44,4953561,130.09,62461,3.57,11.50,49201,1.28
Norway,2011,Q3,12085,12.09,4953561,243.97,62461,3.57,11.50,49201,1.28
Norway,2011,Q4,7066,7.07,4953561,142.64,62461,3.57,11.50,49201,1.28
Norway,2012,Q1,6488,6.49,5019056,129.27,65769,3.48,12.30,50542,0.70
Norway,2012,Q2,6276,6.28,5019056,125.04,65769,3.48,12.30,50542,0.70
Norway,2012,Q3,11047,11.05,5019056,220.10,65769,3.48,12.30,50542,0.70
Norway,2012,Q4,7416,7.42,5019056,147.76,65769,3.48,12.30,50542,0.70
Norway,2013,Q1,8841,8.84,5080668,174.01,67373,3.93,13.10,51576,2.12
Norway,2013,Q2,8177,8.18,5080668,160.94,67373,3.93,13.10,51576,2.12
Norway,2013,Q3,10898,10.90,5080668,214.50,67373,3.93,13.10,51576,2.12
Norway,2013,Q4,7800,7.80,5080668,153.52,67373,3.93,13.10,51576,2.12
Norway,2014,Q1,7851,7.85,5137923,152.80,66335,3.77,13.70,51809,2.04
Norway,2014,Q2,6446,6.45,5137923,125.46,66335,3.77,13.70,51809,2.04
Norway,2014,Q3,8171,8.17,5137923,159.03,66335,3.77,13.70,51809,2.04
Norway,2014,Q4,9484,9.48,5137923,184.59,66335,3.77,13.70,51809,2.04
Norway,2015,Q1,8278,8.28,5190356,159.49,60722,4.69,14.30,52068,2.17
Norway,2015,Q2,7818,7.82,5190356,150.63,60722,4.69,14.30,52068,2.17
Norway,2015,Q3,11076,11.08,5190356,213.40,60722,4.69,14.30,52068,2.17
Norway,2015,Q4,10397,10.40,5190356,200.31,60722,4.69,14.30,52068,2.17
Norway,2016,Q1,8736,8.74,5236590,166.83,59263,4.91,14.70,51226,3.55
Norway,2016,Q2,8362,8.36,5236590,159.68,59263,4.91,14.70,51226,3.55
Norway,2016,Q3,11170,11.17,5236590,213.31,59263,4.91,14.70,51226,3.55
Norway,2016,Q4,12530,12.53,5236590,239.28,59263,4.91,14.70,51226,3.55
Norway,2017,Q1,8812,8.81,5277392,166.98,64589,4.37,15.10,51096,1.88
Norway,2017,Q2,7219,7.22,5277392,136.79,64589,4.37,15.10,51096,1.88
Norway,2017,Q3,9925,9.93,5277392,188.07,64589,4.37,15.10,51096,1.88
Norway,2017,Q4,10983,10.98,5277392,208.11,64589,4.37,15.10,51096,1.88
Norway,2018,Q1,7857,7.86,5312320,147.90,70253,3.99,15.40,51340,2.76
Norway,2018,Q2,6145,6.15,5312320,115.67,70253,3.99,15.40,51340,2.76
Norway,2018,Q3,9296,9.30,5312320,174.99,70253,3.99,15.40,51340,2.76
Norway,2018,Q4,11173,11.17,5312320,210.32,70253,3.99,15.40,51340,2.76
Norway,2019,Q1,6678,6.68,5348279,124.86,70938,3.88,15.60,52273,2.17
Norway,2019,Q2,5937,5.94,5348279,111.01,70938,3.88,15.60,52273,2.17
Norway,2019,Q3,8819,8.82,5348279,164.89,70938,3.88,15.60,52273,2.17
Norway,2019,Q4,5470,5.47,5348279,102.28,70938,3.88,15.60,52273,2.17
Poland,2010,Q1,3737,3.74,38597353,9.68,20630,9.98,1.70,28091,2.58
Poland,2010,Q2,4290,4.29,38597353,11.11,20630,9.98,1.70,28091,2.58
Poland,2010,Q3,5404,5.40,38597353,14.00,20630,9.98,1.70,28091,2.58
Poland,2010,Q4,3929,3.93,38597353,10.18,20630,9.98,1.70,28091,2.58
Poland,2011,Q1,3641,3.64,38620847,9.43,22386,9.95,1.80,28247,4.27
Poland,2011,Q2,5104,5.10,38620847,13.22,22386,9.95,1.80,28247,4.27
Poland,2011,Q3,6402,6.40,38620847,16.58,22386,9.95,1.80,28247,4.27
Poland,2011,Q4,4711,4.71,38620847,12.20,22386,9.95,1.80,28247,4.27
Poland,2012,Q1,4238,4.24,38625874,10.97,23301,10.39,1.60,27972,3.70
Poland,2012,Q2,5101,5.10,38625874,13.21,23301,10.39,1.60,27972,3.70
Poland,2012,Q3,6433,6.43,38625874,16.65,23301,10.39,1.60,27972,3.70
Poland,2012,Q4,5428,5.43,38625874,14.05,23301,10.39,1.60,27972,3.70
Poland,2013,Q1,7050,7.05,38607353,18.26,24028,10.61,1.60,28274,0.90
Poland,2013,Q2,9243,9.24,38607353,23.94,24028,10.61,1.60,28274,0.90
Poland,2013,Q3,9695,9.70,38607353,25.11,24028,10.61,1.60,28274,0.90
Poland,2013,Q4,6115,6.12,38607353,15.84,24028,10.61,1.60,28274,0.90
Poland,2014,Q1,5651,5.65,38581872,14.65,25006,9.21,1.60,28919,-0.03
Poland,2014,Q2,6429,6.43,38581872,16.66,25006,9.21,1.60,28919,-0.03
Poland,2014,Q3,8446,8.45,38581872,21.89,25006,9.21,1.60,28919,-0.03
Poland,2014,Q4,7554,7.55,38581872,19.58,25006,9.21,1.60,28919,-0.03
Poland,2015,Q1,19250,19.25,38553146,49.93,26496,7.68,1.60,29635,-0.93
Poland,2015,Q2,19250,19.25,38553146,49.93,26496,7.68,1.60,29635,-0.93
Poland,2015,Q3,19250,19.25,38553146,49.93,26496,7.68,1.60,29635,-0.93
Poland,2015,Q4,19250,19.25,38553146,49.93,26496,7.68,1.60,29635,-0.93
Poland,2016,Q1,2993,2.99,38532113,7.77,27831,6.28,1.60,31199,-0.58
Poland,2016,Q2,2993,2.99,38532113,7.77,27831,6.28,1.60,31199,-0.58
Poland,2016,Q3,2993,2.99,38532113,7.77,27831,6.28,1.60,31199,-0.58
Poland,2016,Q4,2993,2.99,38532113,7.77,27831,6.28,1.60,31199,-0.58
Poland,2017,Q1,2972,2.97,38532812,7.71,29609,4.96,1.70,32475,1.98
Poland,2017,Q2,2972,2.97,38532812,7.71,29609,4.96,1.70,32475,1.98
Poland,2017,Q3,2972,2.97,38532812,7.71,29609,4.96,1.70,32475,1.98
Poland,2017,Q4,2972,2.97,38532812,7.71,29609,4.96,1.70,32475,1.98
Poland,2018,Q1,2962,2.96,38521457,7.69,31662,3.88,1.80,34546,1.67
Poland,2018,Q2,2962,2.96,38521457,7.69,31662,3.88,1.80,34546,1.67
Poland,2018,Q3,2962,2.96,38521457,7.69,31662,3.88,1.80,34546,1.67
Poland,2018,Q4,2962,2.96,38521457,7.69,31662,3.88,1.80,34546,1.67
Poland,2019,Q1,2682,2.68,38493601,6.97,35099,3.31,2.00,36667,2.31
Poland,2019,Q2,2682,2.68,38493601,6.97,35099,3.31,2.00,36667,2.31
Poland,2019,Q3,2682,2.68,38493601,6.97,35099,3.31,2.00,36667,2.31
Poland,2019,Q4,2682,2.68,38493601,6.97,35099,3.31,2.00,36667,2.31
Slovenia,2010,Q1,3984,3.98,2057287,193.67,27819,7.26,12.40,42846,1.80
Slovenia,2010,Q2,3984,3.98,2057287,193.67,27819,7.26,12.40,42846,1.80
Slovenia,2010,Q3,3984,3.98,2057287,193.67,27819,7.26,12.40,42846,1.80
Slovenia,2010,Q4,3984,3.98,2057287,193.67,27819,7.26,12.40,42846,1.80
Slovenia,2011,Q1,3006,3.01,2065453,145.54,28931,8.18,11.10,42725,1.80
Slovenia,2011,Q2,3006,3.01,2065453,145.54,28931,8.18,11.10,42725,1.80
Slovenia,2011,Q3,3006,3.01,2065453,145.54,28931,8.18,11.10,42725,1.80
Slovenia,2011,Q4,3006,3.01,2065453,145.54,28931,8.18,11.10,42725,1.80
Slovenia,2012,Q1,3595,3.59,2069354,173.70,29048,8.85,11.20,41437,2.60
Slovenia,2012,Q2,3595,3.59,2069354,173.70,29048,8.85,11.20,41437,2.60
Slovenia,2012,Q3,3595,3.59,2069354,173.70,29048,8.85,11.20,41437,2.60
Slovenia,2012,Q4,3595,3.59,2069354,173.70,29048,8.85,11.20,41437,2.60
Slovenia,2013,Q1,3346,3.35,2072374,161.46,29980,10.11,11.30,40760,1.77
Slovenia,2013,Q2,3346,3.35,2072374,161.46,29980,10.11,11.30,40760,1.77
Slovenia,2013,Q3,3346,3.35,2072374,161.46,29980,10.11,11.30,40760,1.77
Slovenia,2013,Q4,3346,3.35,2072374,161.46,29980,10.11,11.30,40760,1.77
Slovenia,2014,Q1,3584,3.58,2074917,172.73,30873,9.70,11.40,41576,0.20
Slovenia,2014,Q2,3584,3.58,2074917,172.73,30873,9.70,11.40,41576,0.20
Slovenia,2014,Q3,3584,3.58,2074917,172.73,30873,9.70,11.40,41576,0.20
Slovenia,2014,Q4,3584,3.58,2074917,172.73,30873,9.70,11.40,41576,0.20
Slovenia,2015,Q1,3728,3.73,2080862,179.17,31632,8.98,11.50,42482,-0.53
Slovenia,2015,Q2,3728,3.73,2080862,179.17,31632,8.98,11.50,42482,-0.53
Slovenia,2015,Q3,3728,3.73,2080862,179.17,31632,8.98,11.50,42482,-0.53
Slovenia,2015,Q4,3728,3.73,2080862,179.17,31632,8.98,11.50,42482,-0.53
Slovenia,2016,Q1,3893,3.89,2090020,186.27,33943,8.01,11.60,44095,-0.05
Slovenia,2016,Q2,3893,3.89,2090020,186.27,33943,8.01,11.60,44095,-0.05
Slovenia,2016,Q3,3893,3.89,2090020,186.27,33943,8.01,11.60,44095,-0.05
Slovenia,2016,Q4,3893,3.89,2090020,186.27,33943,8.01,11.60,44095,-0.05
Slovenia,2017,Q1,4389,4.39,2098392,209.15,36518,6.58,11.80,44894,1.43
Slovenia,2017,Q2,4389,4.39,2098392,209.15,36518,6.58,11.80,44894,1.43
Slovenia,2017,Q3,4389,4.39,2098392,209.15,36518,6.58,11.80,44894,1.43
Slovenia,2017,Q4,4389,4.39,2098392,209.15,36518,6.58,11.80,44894,1.43
Slovenia,2018,Q1,3382,3.38,2105924,160.58,39008,5.13,12.00,45702,1.74
Slovenia,2018,Q2,3382,3.38,2105924,160.58,39008,5.13,12.00,45702,1.74
Slovenia,2018,Q3,3382,3.38,2105924,160.58,39008,5.13,12.00,45702,1.74
Slovenia,2018,Q4,3382,3.38,2105924,160.58,39008,5.13,12.00,45702,1.74
Slovenia,2019,Q1,3777,3.78,2112901,178.74,42735,4.44,12.70,47050,1.63
Slovenia,2019,Q2,3777,3.78,2112901,178.74,42735,4.44,12.70,47050,1.63
Slovenia,2019,Q3,3777,3.78,2112901,178.74,42735,4.44,12.70,47050,1.63
Slovenia,2019,Q4,3777,3.78,2112901,178.74,42735,4.44,12.70,47050,1.63
Spain,2010,Q1,100845,100.84,46486621,216.93,31687,19.88,13.40,46538,1.80
Spain,2010,Q2,100845,100.84,46486621,216.93,31687,19.88,13.40,46538,1.80
Spain,2010,Q3,100845,100.84,46562483,216.58,31687,19.88,13.40,46538,1.80
Spain,2010,Q4,100845,100.84,46562483,216.58,31687,19.88,13.40,46538,1.80
Spain,2011,Q1,102259,102.26,46667175,219.12,31872,21.41,13.30,45707,3.20
Spain,2011,Q2,102259,102.26,46667175,219.12,31872,21.41,13.30,45707,3.20
Spain,2011,Q3,102259,102.26,46736257,218.80,31872,21.41,13.30,45707,3.20
Spain,2011,Q4,102259,102.26,46736257,218.80,31872,21.41,13.30,45707,3.20
Spain,2012,Q1,111652,111.65,46818216,238.48,31725,24.79,13.40,44427,2.45
Spain,2012,Q2,111652,111.65,46818216,238.48,31725,24.79,13.40,44427,2.45
Spain,2012,Q3,111652,111.65,46749303,238.83,31725,24.79,13.40,44427,2.45
Spain,2012,Q4,111652,111.65,46749303,238.83,31725,24.79,13.40,44427,2.45
Spain,2013,Q1,133076,133.08,46712650,284.88,32463,26.12,13.20,44431,1.41
Spain,2013,Q2,133076,133.08,46712650,284.88,32463,26.12,13.20,44431,1.41
Spain,2013,Q3,133076,133.08,46581124,285.69,32463,26.12,13.20,44431,1.41
Spain,2013,Q4,133076,133.08,46581124,285.69,32463,26.12,13.20,44431,1.41
Spain,2014,Q1,100108,100.11,46495744,215.30,33559,24.45,12.70,44294,-0.15
Spain,2014,Q2,100108,100.11,46495744,215.30,33559,24.45,12.70,44294,-0.15
Spain,2014,Q3,100108,100.11,46433050,215.60,33559,24.45,12.70,44294,-0.15
Spain,2014,Q4,100108,100.11,46433050,215.60,33559,24.45,12.70,44294,-0.15
Spain,2015,Q1,343875,343.88,46425722,740.70,34945,22.07,12.60,44957,-0.50
Spain,2015,Q2,343875,343.88,46425722,740.70,34945,22.07,12.60,44957,-0.50
Spain,2015,Q3,343875,343.88,46384379,741.36,34945,22.07,12.60,44957,-0.50
Spain,2015,Q4,343875,343.88,46384379,741.36,34945,22.07,12.60,44957,-0.50
Spain,2016,Q1,81831,81.83,46418884,176.29,37333,19.65,12.70,44704,-0.20
Spain,2016,Q2,81831,81.83,46418884,176.29,37333,19.65,12.70,44704,-0.20
Spain,2016,Q3,81831,81.83,46427100,176.26,37333,19.65,12.70,44704,-0.20
Spain,2016,Q4,81831,81.83,46427100,176.26,37333,19.65,12.70,44704,-0.20
Spain,2017,Q1,92215,92.22,46497393,198.32,39601,17.23,12.90,44123,1.96
Spain,2017,Q2,92215,92.22,46497393,198.32,39601,17.23,12.90,44123,1.96
Spain,2017,Q3,92215,92.22,46510461,198.27,39601,17.23,12.90,44123,1.96
Spain,2017,Q4,92215,92.22,46510461,198.27,39601,17.23,12.90,44123,1.96
Spain,2018,Q1,77382,77.38,46645070,165.89,40777,15.27,13.30,43975,1.67
Spain,2018,Q2,77382,77.38,46645070,165.89,40777,15.27,13.30,43975,1.67
Spain,2018,Q3,77382,77.38,46715383,165.64,40777,15.27,13.30,43975,1.67
Spain,2018,Q4,77382,77.38,46715383,165.64,40777,15.27,13.30,43975,1.67
Spain,2019,Q1,74062,74.06,46918951,157.85,43767,14.11,14.00,44448,0.70
Spain,2019,Q2,74062,74.06,46918951,157.85,43767,14.11,14.00,44448,0.70
Spain,2019,Q3,74062,74.06,47087778,157.28,43767,14.11,14.00,44448,0.70
Spain,2019,Q4,74062,74.06,47087778,157.28,43767,14.11,14.00,44448,0.70
Sweden,2010,Q1,12213,12.21,9381729,130.18,42217,8.78,14.20,45337,1.16
Sweden,2010,Q2,12213,12.21,9381729,130.18,42217,8.78,14.20,45337,1.16
Sweden,2010,Q3,12213,12.21,9381729,130.18,42217,8.78,14.20,45337,1.16
Sweden,2010,Q4,12213,12.21,9381729,130.18,42217,8.78,14.20,45337,1.16
Sweden,2011,Q1,12795,12.79,9467388,135.15,44609,7.95,14.60,46020,2.96
Sweden,2011,Q2,12795,12.79,9467388,135.15,44609,7.95,14.60,46020,2.96
Sweden,2011,Q3,12795,12.79,9467388,135.15,44609,7.95,14.60,46020,2.96
Sweden,2011,Q4,12795,12.79,9467388,135.15,44609,7.95,14.60,46020,2.96
Sweden,2012,Q1,12937,12.94,9555987,135.38,45432,8.15,15.00,46993,0.89
Sweden,2012,Q2,12937,12.94,9555987,135.38,45432,8.15,15.00,46993,0.89
Sweden,2012,Q3,12937,12.94,9555987,135.38,45432,8.15,15.00,46993,0.89
Sweden,2012,Q4,12937,12.94,9555987,135.38,45432,8.15,15.00,46993,0.89
Sweden,2013,Q1,12679,12.68,9648932,131.40,46312,8.21,15.30,47506,-0.04
Sweden,2013,Q2,12679,12.68,9648932,131.40,46312,8.21,15.30,47506,-0.04
Sweden,2013,Q3,12679,12.68,9648932,131.40,46312,8.21,15.30,47506,-0.04
Sweden,2013,Q4,12679,12.68,9648932,131.40,46312,8.21,15.30,47506,-0.04
Sweden,2014,Q1,12809,12.81,9747508,131.41,47185,8.10,15.80,48043,-0.18
Sweden,2014,Q2,12809,12.81,9747508,131.41,47185,8.10,15.80,48043,-0.18
Sweden,2014,Q3,12809,12.81,9747508,131.41,47185,8.10,15.80,48043,-0.18
Sweden,2014,Q4,12809,12.81,9747508,131.41,47185,8.10,15.80,48043,-0.18
Sweden,2015,Q1,13958,13.96,9849349,141.71,49103,7.59,16.40,48770,-0.05
Sweden,2015,Q2,13958,13.96,9849349,141.71,49103,7.59,16.40,48770,-0.05
Sweden,2015,Q3,13958,13.96,9849349,141.71,49103,7.59,16.40,48770,-0.05
Sweden,2015,Q4,13958,13.96,9849349,141.71,49103,7.59,16.40,48770,-0.05
Sweden,2016,Q1,11470,11.47,9953317,115.23,50430,7.15,17.00,49535,0.98
Sweden,2016,Q2,11470,11.47,9953317,115.23,50430,7.15,17.00,49535,0.98
Sweden,2016,Q3,11470,11.47,9953317,115.23,50430,7.15,17.00,49535,0.98
Sweden,2016,Q4,11470,11.47,9953317,115.23,50430,7.15,17.00,49535,0.98
Sweden,2017,Q1,11405,11.41,10058190,113.39,51948,6.86,18.00,49797,1.79
Sweden,2017,Q2,11405,11.41,10058190,113.39,51948,6.86,18.00,49797,1.79
Sweden,2017,Q3,11405,11.41,10058190,113.39,51948,6.86,18.00,49797,1.79
Sweden,2017,Q4,11405,11.41,10058190,113.39,51948,6.86,18.00,49797,1.79
Sweden,2018,Q1,11745,11.75,10162298,115.58,53522,6.47,18.80,50041,1.95
Sweden,2018,Q2,11745,11.75,10162298,115.58,53522,6.47,18.80,50041,1.95
Sweden,2018,Q3,11745,11.75,10162298,115.58,53522,6.47,18.80,50041,1.95
Sweden,2018,Q4,11745,11.75,10162298,115.58,53522,6.47,18.80,50041,1.95
Sweden,2019,Q1,11930,11.93,10267922,116.18,57230,6.91,19.50,50559,1.78
Sweden,2019,Q2,11930,11.93,10267922,116.18,57230,6.91,19.50,50559,1.78
Sweden,2019,Q3,11930,11.93,10267922,116.18,57230,6.91,19.50,50559,1.78
Sweden,2019,Q4,11930,11.93,10267922,116.18,57230,6.91,19.50,50559,1.78
Switzerland,2010,Q1,23012,23.01,7822435,294.18,54343,4.80,26.10,67961,0.69
Switzerland,2010,Q2,23012,23.01,7822435,294.18,54343,4.80,26.10,67961,0.69
Switzerland,2010,Q3,23012,23.01,7822435,294.18,54343,4.80,26.10,67961,0.69
Switzerland,2010,Q4,23012,23.01,7822435,294.18,54343,4.80,26.10,67961,0.69
Switzerland,2011,Q1,24124,24.12,7910982,304.94,57494,4.40,26.20,68401,0.23
Switzerland,2011,Q2,24124,24.12,7910982,304.94,57494,4.40,26.20,68401,0.23
Switzerland,2011,Q3,24124,24.12,7910982,304.94,57494,4.40,26.20,68401,0.23
Switzerland,2011,Q4,24124,24.12,7910982,304.94,57494,4.40,26.20,68401,0.23
Switzerland,2012,Q1,25970,25.97,7995738,324.80,59441,4.48,27.00,69383,-0.69
Switzerland,2012,Q2,25970,25.97,7995738,324.80,59441,4.48,27.00,69383,-0.69
Switzerland,2012,Q3,25970,25.97,7995738,324.80,59441,4.48,27.00,69383,-0.69
Switzerland,2012,Q4,25970,25.97,7995738,324.80,59441,4.48,27.00,69383,-0.69
Switzerland,2013,Q1,26549,26.55,8088367,328.24,61656,4.75,27.40,70280,-0.22
Switzerland,2013,Q2,26549,26.55,8088367,328.24,61656,4.75,27.40,70280,-0.22
Switzerland,2013,Q3,26549,26.55,8088367,328.24,61656,4.75,27.40,70280,-0.22
Switzerland,2013,Q4,26549,26.55,8088367,328.24,61656,4.75,27.40,70280,-0.22
Switzerland,2014,Q1,27776,27.78,8187791,339.23,63417,4.83,27.90,70412,-0.01
Switzerland,2014,Q2,27776,27.78,8187791,339.23,63417,4.83,27.90,70412,-0.01
Switzerland,2014,Q3,27776,27.78,8187791,339.23,63417,4.83,27.90,70412,-0.01
Switzerland,2014,Q4,27776,27.78,8187791,339.23,63417,4.83,27.90,70412,-0.01
Switzerland,2015,Q1,29158,29.16,8281732,352.07,65265,4.80,28.40,70797,-1.14
Switzerland,2015,Q2,29158,29.16,8281732,352.07,65265,4.80,28.40,70797,-1.14
Switzerland,2015,Q3,29158,29.16,8281732,352.07,65265,4.80,28.40,70797,-1.14
Switzerland,2015,Q4,29158,29.16,8281732,352.07,65265,4.80,28.40,70797,-1.14
Switzerland,2016,Q1,30163,30.16,8372898,360.25,67351,4.92,28.80,70468,-0.43
Switzerland,2016,Q2,30163,30.16,8372898,360.25,67351,4.92,28.80,70468,-0.43
Switzerland,2016,Q3,30163,30.16,8372898,360.25,67351,4.92,28.80,70468,-0.43
Switzerland,2016,Q4,30163,30.16,8372898,360.25,67351,4.92,28.80,70468,-0.43
Switzerland,2017,Q1,31249,31.25,8451687,369.74,68194,4.80,29.30,70087,0.53
Switzerland,2017,Q2,31249,31.25,8451687,369.74,68194,4.80,29.30,70087,0.53
Switzerland,2017,Q3,31249,31.25,8451687,369.74,68194,4.80,29.30,70087,0.53
Switzerland,2017,Q4,31249,31.25,8451687,369.74,68194,4.80,29.30,70087,0.53
Switzerland,2018,Q1,32556,32.56,8514434,382.37,70689,4.71,29.50,69892,0.94
Switzerland,2018,Q2,32556,32.56,8514434,382.37,70689,4.71,29.50,69892,0.94
Switzerland,2018,Q3,32556,32.56,8514434,382.37,70689,4.71,29.50,69892,0.94
Switzerland,2018,Q4,32556,32.56,8514434,382.37,70689,4.71,29.50,69892,0.94
Switzerland,2019,Q1,31555,31.56,8575588,367.97,73732,4.39,29.70,71189,0.36
Switzerland,2019,Q2,31555,31.56,8575588,367.97,73732,4.39,29.70,71189,0.36
Switzerland,2019,Q3,31555,31.56,8575588,367.97,73732,4.39,29.70,71189,0.36
Switzerland,2019,Q4,31555,31.56,8575588,367.97,73732,4.39,29.70,71189,0.36
UK,2010,Q1,365000,365.00,62766365,581.52,36491,7.88,11.10,52455,2.50
UK,2010,Q2,347000,347.00,62766365,552.84,36491,7.88,11.10,52455,2.50
UK,2010,Q3,345000,345.00,62766365,549.66,36491,7.88,11.10,52455,2.50
UK,2010,Q4,339000,339.00,62766365,540.10,36491,7.88,11.10,52455,2.50
UK,2011,Q1,336000,336.00,63258810,531.15,37209,8.13,11.60,51497,3.80
UK,2011,Q2,342000,342.00,63258810,540.64,37209,8.13,11.60,51497,3.80
UK,2011,Q3,339000,339.00,63258810,535.89,37209,8.13,11.60,51497,3.80
UK,2011,Q4,351000,351.00,63258810,554.86,37209,8.13,11.60,51497,3.80
UK,2012,Q1,352000,352.00,63700215,552.59,38340,7.97,11.80,51070,2.60
UK,2012,Q2,477000,477.00,63700215,748.82,38340,7.97,11.80,51070,2.60
UK,2012,Q3,473000,473.00,63700215,742.54,38340,7.97,11.80,51070,2.60
UK,2012,Q4,448000,448.00,63700215,703.29,38340,7.97,11.80,51070,2.60
UK,2013,Q1,446000,446.00,64128273,695.48,39968,7.60,12.10,51594,2.30
UK,2013,Q2,454000,454.00,64128273,707.96,39968,7.60,12.10,51594,2.30
UK,2013,Q3,461000,461.00,64128273,718.87,39968,7.60,12.10,51594,2.30
UK,2013,Q4,469000,469.00,64128273,731.35,39968,7.60,12.10,51594,2.30
UK,2014,Q1,475000,475.00,64602298,735.27,41282,6.17,12.30,51816,1.50
UK,2014,Q2,489000,489.00,64602298,756.94,41282,6.17,12.30,51816,1.50
UK,2014,Q3,497000,497.00,64602298,769.32,41282,6.17,12.30,51816,1.50
UK,2014,Q4,494000,494.00,64602298,764.68,41282,6.17,12.30,51816,1.50
UK,2015,Q1,484000,484.00,65116219,743.29,42501,5.35,12.90,52549,0.40
UK,2015,Q2,482000,482.00,65116219,740.21,42501,5.35,12.90,52549,0.40
UK,2015,Q3,481000,481.00,65116219,738.68,42501,5.35,12.90,52549,0.40
UK,2015,Q4,494000,494.00,65116219,758.64,42501,5.35,12.90,52549,0.40
UK,2016,Q1,506000,506.00,65611593,771.21,44058,4.90,13.60,53156,1.00
UK,2016,Q2,511000,511.00,65611593,778.83,44058,4.90,13.60,53156,1.00
UK,2016,Q3,514000,514.00,65611593,783.40,44058,4.90,13.60,53156,1.00
UK,2016,Q4,523000,523.00,65611593,797.12,44058,4.90,13.60,53156,1.00
UK,2017,Q1,519000,519.00,66058859,785.66,46061,4.42,14.00,53471,2.60
UK,2017,Q2,518000,518.00,66058859,784.15,46061,4.42,14.00,53471,2.60
UK,2017,Q3,549000,549.00,66058859,831.08,46061,4.42,14.00,53471,2.60
UK,2017,Q4,544000,544.00,66058859,823.51,46061,4.42,14.00,53471,2.60
UK,2018,Q1,543000,543.00,66460344,817.03,47108,4.10,13.70,53950,2.30
UK,2018,Q2,541000,541.00,66460344,814.02,47108,4.10,13.70,53950,2.30
UK,2018,Q3,539000,539.00,66460344,811.01,47108,4.10,13.70,53950,2.30
UK,2018,Q4,549000,549.00,66460344,826.06,47108,4.10,13.70,53950,2.30
UK,2019,Q1,575000,575.00,66836327,860.31,49941,3.83,0.00,54703,1.70
UK,2019,Q2,597000,597.00,66836327,893.23,49941,3.83,0.00,54703,1.70
UK,2019,Q3,591000,591.00,66836327,884.25,49941,3.83,0.00,54703,1.70
UK,2019,Q4,605000,605.00,66836327,905.20,49941,3.83,0.00,54703,1.70